name	frame	checkpoint_path	input_script	wram_digest	notes
file-select-enter-game	107000	target/lockstep-checkpoints/file-select-enter-game-107000-message.bin	scripts/inputs/file-select-enter-game.txt	3159b761a47fa0d6	saved-slot route checkpoint after later message-cycle frontier probe
file-select-message-dismiss-wander	107000	target/lockstep-checkpoints/file-select-enter-game-107000-message.bin	scripts/inputs/file-select-enter-game-message-dismiss-and-wander.txt	3159b761a47fa0d6	equivalent checkpoint before the extension script adds post-message movement and interaction inputs
file-select-diagonal-sweeps	107000	target/lockstep-checkpoints/file-select-enter-game-107000-message.bin	scripts/inputs/file-select-enter-game-diagonal-sweeps.txt	3159b761a47fa0d6	equivalent checkpoint before the extension script adds diagonal movement sweeps
file-select-button-taps	107000	target/lockstep-checkpoints/file-select-enter-game-107000-message.bin	scripts/inputs/file-select-enter-game-button-taps.txt	3159b761a47fa0d6	equivalent checkpoint before the extension script adds isolated button taps
file-select-button-direction-probes	107000	target/lockstep-checkpoints/file-select-enter-game-107000-message.bin	scripts/inputs/file-select-enter-game-button-probes.txt	3159b761a47fa0d6	equivalent checkpoint before combined button+direction probes
opening-uncle-dismiss-and-move	28610	target/lockstep-checkpoints/opening-28610-message.bin	scripts/inputs/opening-uncle-message-dismiss-and-move.txt	79fa9c5b0b5cf973	opening route checkpoint before Uncle-message dismissal tail and movement probes
opening-uncle-extended-move	28610	target/lockstep-checkpoints/opening-28610-message.bin	scripts/inputs/opening-uncle-message-extended-move.txt	79fa9c5b0b5cf973	equivalent checkpoint before the extension script adds more in-house movement and A-button probes
opening-uncle-diagonal-sweeps	28610	target/lockstep-checkpoints/opening-28610-message.bin	scripts/inputs/opening-uncle-message-diagonal-sweeps.txt	79fa9c5b0b5cf973	equivalent checkpoint before the extension script adds diagonal in-house movement sweeps
coverage-branch-89424-bush-poof-ancilla	89424	.cache/parity-golden/ck/89424.sav	scripts/inputs/coverage-branch-89424-bush-poof-ancilla.txt		promoted overworld checkpoint before bush-poof ancilla/effect branch tail
